<?xml version="1.0" encoding="utf-8" ?>
<Defs>
  
  <!-- The def for RawCocoa, the intermediary between Cocoa trees and Chocolate -->
  <ThingDef ParentName="RoughPlantBase">
    <defName>RawCocoa</defName>
	<label>raw cocoa</label>
	<description>Raw cocoa harvested from a cocoa tree. Must be prepared at a cooking station before it's in it's well known, delicious form known as chocolate.</description>
	<graphicData>
	  <texPath>Things/Item/Resource/RawCocoa</texPath>
	</graphicData>
	<soundInteract>Standard_Drop</soundInteract>
	<soundDrop>Standard_Drop</soundDrop>
	<socialPropernessMatters>false</socialPropernessMatters>
	<stackLimit>200</stackLimit>
	<statBases>
	<!-- Removed some tags as they're covered by parents. -->
	  <MarketValue>1</MarketValue>
	  <Mass>0.0375</Mass>
	  <Flammability>0.8</Flammability>
	  <DeteriorationRate>4</DeteriorationRate>
	</statBases>
	
	<thingCategories>
	  <li>PlantMatter</li>
	</thingCategories>
  </ThingDef>
  
  <!-- The def for MilkChocolate -->
    <ThingDef ParentName="ResourceBase">
    <defName>MilkChocolate</defName>
    <label>milk chocolate</label>
    <description>A delicious preparation of cocoa seeds ground together with sugar and vanilla, with a touch of milk added. It fulfills the need for recreation, but it is not very nutritious.\n\nMilk chocolate is a little less potent than regular chocolate, but can be made in much large quantities.</description>
    <graphicData>
      <texPath>Things/Item/Resource/MilkChocolate</texPath>
      <graphicClass>Graphic_StackCount</graphicClass>
      <drawSize>0.88</drawSize>
    </graphicData>
    <soundInteract>Standard_Drop</soundInteract>
    <soundDrop>Standard_Drop</soundDrop>
	<socialPropernessMatters>true</socialPropernessMatters>
    <statBases>
      <MaxHitPoints>60</MaxHitPoints>
      <MarketValue>2.5</MarketValue>
      <Mass>0.075</Mass>
      <Flammability>1.0</Flammability>
      <DeteriorationRate>8</DeteriorationRate>
      <Nutrition>0.125</Nutrition>
    </statBases>
    <thingCategories>
      <li>Foods</li>
    </thingCategories>
    <ingestible>
      <preferability>DesperateOnly</preferability>
      <foodType>Processed</foodType>
      <joy>0.075</joy>
      <joyKind>Gluttonous</joyKind>
      <maxNumToIngestAtOnce>10</maxNumToIngestAtOnce>
      <ingestSound>Meal_Eat</ingestSound>
    </ingestible>
  </ThingDef>
  
  <!-- Parents -->
  
  <ThingDef ParentName="OrganicProductBase" Name="RoughPlantBase" Abstract="True">
    <ingestible>
      <foodType>Plant</foodType>
      <preferability>DesperateOnlyForHumanlikes</preferability>
    </ingestible>
    <statBases>
      <Nutrition>0.05</Nutrition>
    </statBases>
  </ThingDef>
  
    <ThingDef Abstract="True" Name="OrganicProductBase" ParentName="ResourceBase">
    <graphicData>
      <graphicClass>Graphic_Single</graphicClass>
    </graphicData>
    <statBases>
      <MaxHitPoints>60</MaxHitPoints>
      <Flammability>1.0</Flammability>
      <DeteriorationRate>6</DeteriorationRate>
			<Mass>0.03</Mass>
    </statBases>
    <tickerType>Rare</tickerType>
  </ThingDef>
  
    <ThingDef Name="ResourceBase" Abstract="True">
    <thingClass>ThingWithComps</thingClass>
    <category>Item</category>
    <resourceReadoutPriority>Middle</resourceReadoutPriority>
    <useHitPoints>true</useHitPoints>
    <selectable>true</selectable>
    <altitudeLayer>Item</altitudeLayer>
    <stackLimit>75</stackLimit>
    <statBases>
      <Beauty>-4</Beauty>
    </statBases>
    <comps>
      <li Class="CompProperties_Forbiddable"/>
    </comps>
    <alwaysHaulable>true</alwaysHaulable>
    <drawGUIOverlay>true</drawGUIOverlay>
    <rotatable>false</rotatable>
    <pathCost>15</pathCost>
  </ThingDef>

  
</Defs>